Dataset,Method,Status,Accuracy,Precision,Recall,Macro_F1,Micro_F1,NMI,ARI
tweet,Keyphrase Expansion,Success,0.5489092188599578,0.5092998776846898,0.4868911590737727,0.48665185491358975,0.5489092188599578,0.23085449222810508,0.209974800626499
tweet,Keyphrase Expansion,Success,0.5517241379310345,0.5101513921187355,0.48868327376911314,0.4887933830966142,0.5517241379310345,0.2319732719992924,0.21274085257240846
